[{"24h_volume_eur":"25937157.554912","available_supply":"19015529673313.000000","id":"ecash","last_updated":"1648352227","market_cap_eur":"1548174011.787189","max_supply":"21000000000000.000000","name":"eCash","percent_change_1h":"-0.159970","percent_change_24h":"5.391211","percent_change_7d":"0.000000","price_eur":"0.000081","rank":"65","symbol":"XEC","total_supply":"18899704673313.000000"},{"24h_volume_eur":"1312701.497055","available_supply":"945642940.110000","id":"paxos-standard","last_updated":"1648352227","market_cap_eur":"861445446.169755","max_supply":"0.000000","name":"Pax Dollar","percent_change_1h":"-0.146587","percent_change_24h":"-0.967278","percent_change_7d":"0.000000","price_eur":"0.910963","rank":"87","symbol":"USDP","total_supply":"945642940.110000"},{"24h_volume_eur":"37352719147.510063","available_supply":"81331736008.263947","id":"tether","last_updated":"1648352227","market_cap_eur":"74077770164.451233","max_supply":"0.000000","name":"Tether","percent_change_1h":"-0.165285","percent_change_24h":"-0.699413","percent_change_7d":"0.000000","price_eur":"0.910810","rank":"3","symbol":"USDT","total_supply":"84405585147.175140"},{"24h_volume_eur":"8503449.563446","available_supply":"105121.958231","id":"bitcoin-bep2","last_updated":"1648352227","market_cap_eur":"4278022274.326850","max_supply":"0.000000","name":"Bitcoin BEP2","percent_change_1h":"-0.372697","percent_change_24h":"0.211689","percent_change_7d":"0.000000","price_eur":"40695.800823","rank":"33","symbol":"BTCB","total_supply":"112501.000000"},{"24h_volume_eur":"108688365.866586","available_supply":"216041414.577402","id":"internet-computer","last_updated":"1648352227","market_cap_eur":"3856730381.507256","max_supply":"0.000000","name":"Internet Computer","percent_change_1h":"0.117891","percent_change_24h":"2.815387","percent_change_7d":"0.000000","price_eur":"17.851810","rank":"36","symbol":"ICP","total_supply":"479138114.277490"},{"24h_volume_eur":"485337741.733970","available_supply":"60907500.000000","id":"axie-infinity","last_updated":"1648352227","market_cap_eur":"3655057432.975348","max_supply":"270000000.000000","name":"Axie Infinity","percent_change_1h":"0.130063","percent_change_24h":"-5.674349","percent_change_7d":"0.000000","price_eur":"60.009973","rank":"38","symbol":"AXS","total_supply":"270000000.000000"},{"24h_volume_eur":"515173486.213644","available_supply":"107841394.000000","id":"waves","last_updated":"1648352227","market_cap_eur":"3115449510.876708","max_supply":"0.000000","name":"Waves","percent_change_1h":"-0.328623","percent_change_24h":"-3.410738","percent_change_7d":"0.000000","price_eur":"28.889181","rank":"45","symbol":"WAVES","total_supply":"107841394.000000"},{"24h_volume_eur":"78393766.949485","available_supply":"356458777.000000","id":"flow","last_updated":"1648352227","market_cap_eur":"2151354299.364648","max_supply":"0.000000","name":"Flow","percent_change_1h":"-0.394658","percent_change_24h":"0.238206","percent_change_7d":"0.000000","price_eur":"6.035352","rank":"52","symbol":"FLOW","total_supply":"1378211739.000000"},{"24h_volume_eur":"52021094.547429","available_supply":"19565356900.654297","id":"hedera","last_updated":"1648352227","market_cap_eur":"4110546822.250008","max_supply":"50000000000.000000","name":"Hedera","percent_change_1h":"0.273490","percent_change_24h":"1.422597","percent_change_7d":"0.000000","price_eur":"0.210093","rank":"34","symbol":"HBAR","total_supply":"50000000000.000000"},{"24h_volume_eur":"329022234.390376","available_supply":"1139993229.223323","id":"the-sandbox","last_updated":"1648352227","market_cap_eur":"3520511497.957510","max_supply":"3000000000.000000","name":"The Sandbox","percent_change_1h":"-0.551447","percent_change_24h":"0.256713","percent_change_7d":"0.000000","price_eur":"3.088186","rank":"39","symbol":"SAND","total_supply":"3000000000.000000"},{"24h_volume_eur":"338637894.191872","available_supply":"2545006273.000000","id":"fantom","last_updated":"1648352227","market_cap_eur":"3215987455.266809","max_supply":"3175000000.000000","name":"Fantom","percent_change_1h":"-0.957772","percent_change_24h":"1.998292","percent_change_7d":"0.000000","price_eur":"1.263646","rank":"43","symbol":"FTM","total_supply":"2545006273.000000"},{"24h_volume_eur":"32148038.499822","available_supply":"9540779324.307880","id":"iotex","last_updated":"1648352227","market_cap_eur":"792253215.527182","max_supply":"10000000000.000000","name":"IoTeX","percent_change_1h":"-0.391657","percent_change_24h":"2.104111","percent_change_7d":"0.000000","price_eur":"0.083039","rank":"90","symbol":"IOTX","total_supply":"9626124332.320000"},{"24h_volume_eur":"884573449.049022","available_supply":"357046297.182570","id":"terra-luna","last_updated":"1648352227","market_cap_eur":"29617436583.314579","max_supply":"0.000000","name":"Terra","percent_change_1h":"-0.754007","percent_change_24h":"1.144341","percent_change_7d":"0.000000","price_eur":"82.951250","rank":"9","symbol":"LUNA","total_supply":"754232390.890975"},{"24h_volume_eur":"608339044.899896","available_supply":"132670764299.894089","id":"dogecoin","last_updated":"1648352227","market_cap_eur":"16653879625.664070","max_supply":"0.000000","name":"Dogecoin","percent_change_1h":"0.092907","percent_change_24h":"4.321336","percent_change_7d":"0.000000","price_eur":"0.125528","rank":"12","symbol":"DOGE","total_supply":"132670764299.894089"},{"24h_volume_eur":"69852193.870384","available_supply":"11837779573.100664","id":"harmony","last_updated":"1648352227","market_cap_eur":"1629124430.282058","max_supply":"0.000000","name":"Harmony","percent_change_1h":"-0.378007","percent_change_24h":"2.716742","percent_change_7d":"0.000000","price_eur":"0.137621","rank":"59","symbol":"ONE","total_supply":"13398294573.100679"},{"24h_volume_eur":"23671273.297175","available_supply":"5301214400.000000","id":"theta-fuel","last_updated":"1648352227","market_cap_eur":"909239030.029768","max_supply":"0.000000","name":"Theta Fuel","percent_change_1h":"-0.421526","percent_change_24h":"4.581157","percent_change_7d":"0.000000","price_eur":"0.171515","rank":"86","symbol":"TFUEL","total_supply":"5301214400.000000"},{"24h_volume_eur":"73124304.069774","available_supply":"6657345.756170","id":"compound","last_updated":"1648352227","market_cap_eur":"750577842.682127","max_supply":"10000000.000000","name":"Compound","percent_change_1h":"-0.931339","percent_change_24h":"4.651383","percent_change_7d":"0.000000","price_eur":"112.744308","rank":"93","symbol":"COMP","total_supply":"10000000.000000"},{"24h_volume_eur":"16322336.954887","available_supply":"163295557.000000","id":"secret","last_updated":"1648352227","market_cap_eur":"746236478.693490","max_supply":"0.000000","name":"Secret","percent_change_1h":"-0.457166","percent_change_24h":"3.946557","percent_change_7d":"0.000000","price_eur":"4.569852","rank":"94","symbol":"SCRT","total_supply":"190165060.000000"},{"24h_volume_eur":"1000960121.345158","available_supply":"165116760.890000","id":"bnb","last_updated":"1648352227","market_cap_eur":"62618749328.411125","max_supply":"165116760.000000","name":"BNB","percent_change_1h":"-0.452377","percent_change_24h":"0.947700","percent_change_7d":"0.000000","price_eur":"379.239206","rank":"4","symbol":"BNB","total_supply":"165116760.890000"},{"24h_volume_eur":"1145805117.546288","available_supply":"324932062.542176","id":"solana","last_updated":"1648352227","market_cap_eur":"30128066233.917934","max_supply":"0.000000","name":"Solana","percent_change_1h":"-0.874314","percent_change_24h":"2.335406","percent_change_7d":"0.000000","price_eur":"92.721125","rank":"8","symbol":"SOL","total_supply":"511616946.142289"},{"24h_volume_eur":"118010698.768046","available_supply":"70538831.000000","id":"neo","last_updated":"1648352227","market_cap_eur":"1581038656.380667","max_supply":"100000000.000000","name":"Neo","percent_change_1h":"-0.546171","percent_change_24h":"0.635686","percent_change_7d":"0.000000","price_eur":"22.413735","rank":"62","symbol":"NEO","total_supply":"100000000.000000"},{"24h_volume_eur":"4285743.725044","available_supply":"80118638.000000","id":"kucoin-token","last_updated":"1648352227","market_cap_eur":"1365339523.382680","max_supply":"170118638.000000","name":"KuCoin Token","percent_change_1h":"-0.327020","percent_change_24h":"-0.750616","percent_change_7d":"0.000000","price_eur":"17.041472","rank":"67","symbol":"KCS","total_supply":"170118638.000000"},{"24h_volume_eur":"122710336.540229","available_supply":"468336611.049596","id":"curve-dao-token","last_updated":"1648352227","market_cap_eur":"1029760856.172293","max_supply":"3303030299.000000","name":"Curve DAO Token","percent_change_1h":"-0.409955","percent_change_24h":"4.037620","percent_change_7d":"0.000000","price_eur":"2.198762","rank":"81","symbol":"CRV","total_supply":"1715395141.882838"},{"24h_volume_eur":"2080944440.212941","available_supply":"12571573037.420450","id":"zilliqa","last_updated":"1648352227","market_cap_eur":"998002919.580851","max_supply":"21000000000.000000","name":"Zilliqa","percent_change_1h":"-0.533268","percent_change_24h":"74.762230","percent_change_7d":"0.000000","price_eur":"0.079386","rank":"84","symbol":"ZIL","total_supply":"15863040190.420450"},{"24h_volume_eur":"46551864.409612","available_supply":"55153196.285880","id":"convex-finance","last_updated":"1648352227","market_cap_eur":"1396077146.291290","max_supply":"100000000.000000","name":"Convex Finance","percent_change_1h":"-0.392488","percent_change_24h":"12.811912","percent_change_7d":"0.000000","price_eur":"25.312715","rank":"66","symbol":"CVX","total_supply":"87130260.839336"},{"24h_volume_eur":"37487812.186433","available_supply":"861250000.000000","id":"bora","last_updated":"1648352227","market_cap_eur":"719661618.659553","max_supply":"0.000000","name":"BORA","percent_change_1h":"0.283461","percent_change_24h":"1.519341","percent_change_7d":"0.000000","price_eur":"0.835601","rank":"98","symbol":"BORA","total_supply":"1205750000.000000"},{"24h_volume_eur":"8250084387.741795","available_supply":"120126203.936500","id":"ethereum","last_updated":"1648352227","market_cap_eur":"344397660606.686218","max_supply":"0.000000","name":"Ethereum","percent_change_1h":"-0.442146","percent_change_24h":"0.573459","percent_change_7d":"0.000000","price_eur":"2866.965319","rank":"2","symbol":"ETH","total_supply":"120126203.936500"},{"24h_volume_eur":"415883475.875609","available_supply":"7701069510.620000","id":"polygon","last_updated":"1648352227","market_cap_eur":"11365930615.569906","max_supply":"10000000000.000000","name":"Polygon","percent_change_1h":"-0.254403","percent_change_24h":"2.003899","percent_change_7d":"0.000000","price_eur":"1.475890","rank":"16","symbol":"MATIC","total_supply":"10000000000.000000"},{"24h_volume_eur":"148310177.339183","available_supply":"9668597877.181494","id":"multi-collateral-dai","last_updated":"1648352227","market_cap_eur":"8798703857.450224","max_supply":"0.000000","name":"Dai","percent_change_1h":"-0.151818","percent_change_24h":"-0.702012","percent_change_7d":"0.000000","price_eur":"0.910029","rank":"19","symbol":"DAI","total_supply":"9668597877.181494"},{"24h_volume_eur":"517912817.079924","available_supply":"69932368.777915","id":"litecoin","last_updated":"1648352227","market_cap_eur":"7976487642.506990","max_supply":"84000000.000000","name":"Litecoin","percent_change_1h":"-0.179705","percent_change_24h":"0.453817","percent_change_7d":"0.000000","price_eur":"114.060024","rank":"20","symbol":"LTC","total_supply":"84000000.000000"},{"24h_volume_eur":"735734636.449064","available_supply":"64315576989.000000","id":"vechain","last_updated":"1648352227","market_cap_eur":"3872924583.478510","max_supply":"86712634466.000000","name":"VeChain","percent_change_1h":"-1.345858","percent_change_24h":"17.081892","percent_change_7d":"0.000000","price_eur":"0.060218","rank":"35","symbol":"VET","total_supply":"86712634466.000000"},{"24h_volume_eur":"128042266.749604","available_supply":"1000000000.000000","id":"theta-network","last_updated":"1648352227","market_cap_eur":"3067034861.031711","max_supply":"1000000000.000000","name":"Theta Network","percent_change_1h":"-1.363639","percent_change_24h":"5.408499","percent_change_7d":"0.000000","price_eur":"3.067035","rank":"46","symbol":"THETA","total_supply":"1000000000.000000"},{"24h_volume_eur":"2041635.455417","available_supply":"13881595.640556","id":"decred","last_updated":"1648352227","market_cap_eur":"776146498.424445","max_supply":"21000000.000000","name":"Decred","percent_change_1h":"-0.265378","percent_change_24h":"0.703914","percent_change_7d":"0.000000","price_eur":"55.911908","rank":"91","symbol":"DCR","total_supply":"13881595.640556"},{"24h_volume_eur":"492732198.772367","available_supply":"987579314.957085","id":"polkadot-new","last_updated":"1648352227","market_cap_eur":"18893732059.619041","max_supply":"0.000000","name":"Polkadot","percent_change_1h":"-0.230069","percent_change_24h":"2.245563","percent_change_7d":"0.000000","price_eur":"19.131357","rank":"11","symbol":"DOT","total_supply":"1103303471.382273"},{"24h_volume_eur":"85188654.933345","available_supply":"137385327.518744","id":"ftx-token","last_updated":"1648352227","market_cap_eur":"6276064560.111243","max_supply":"352170015.000000","name":"FTX Token","percent_change_1h":"-0.482830","percent_change_24h":"-0.498245","percent_change_7d":"0.000000","price_eur":"45.682204","rank":"25","symbol":"FTT","total_supply":"333254663.585971"},{"24h_volume_eur":"221094580.897968","available_supply":"985291542.418500","id":"eos","last_updated":"1648352227","market_cap_eur":"2261699909.130107","max_supply":"0.000000","name":"EOS","percent_change_1h":"-0.429366","percent_change_24h":"0.246124","percent_change_7d":"0.000000","price_eur":"2.295463","rank":"51","symbol":"EOS","total_supply":"1050515247.802100"},{"24h_volume_eur":"54673707.718186","available_supply":"8470098.057262","id":"kusama","last_updated":"1648352227","market_cap_eur":"1274942796.456267","max_supply":"0.000000","name":"Kusama","percent_change_1h":"-0.400431","percent_change_24h":"-1.219483","percent_change_7d":"0.000000","price_eur":"150.522791","rank":"72","symbol":"KSM","total_supply":"9651217.451262"},{"24h_volume_eur":"238266561.022145","available_supply":"10642759.922350","id":"dash","last_updated":"1648352227","market_cap_eur":"1242833005.843105","max_supply":"18900000.000000","name":"Dash","percent_change_1h":"-0.323240","percent_change_24h":"-0.873106","percent_change_7d":"0.000000","price_eur":"116.777322","rank":"73","symbol":"DASH","total_supply":"10642759.922350"},{"24h_volume_eur":"6026580.862820","available_supply":"560000011.000000","id":"nexo","last_updated":"1648352227","market_cap_eur":"1190612364.431809","max_supply":"1000000000.000000","name":"Nexo","percent_change_1h":"-0.041657","percent_change_24h":"0.509481","percent_change_7d":"0.000000","price_eur":"2.126093","rank":"78","symbol":"NEXO","total_supply":"1000000000.000000"},{"24h_volume_eur":"73226472.680105","available_supply":"1360797952.900262","id":"trueusd","last_updated":"1648352227","market_cap_eur":"1238318763.870115","max_supply":"0.000000","name":"TrueUSD","percent_change_1h":"-0.167805","percent_change_24h":"-0.747136","percent_change_7d":"0.000000","price_eur":"0.909995","rank":"74","symbol":"TUSD","total_supply":"1360797952.900262"},{"24h_volume_eur":"4632383.639474","available_supply":"5582460004.558402","id":"symbol","last_updated":"1648352227","market_cap_eur":"758616561.821979","max_supply":"8999999999.000000","name":"Symbol","percent_change_1h":"-0.400087","percent_change_24h":"-1.272262","percent_change_7d":"0.000000","price_eur":"0.135893","rank":"92","symbol":"XYM","total_supply":"7967988929.504770"},{"24h_volume_eur":"2110182296.421678","available_supply":"51976898384.186935","id":"usd-coin","last_updated":"1648352227","market_cap_eur":"47314016905.354576","max_supply":"0.000000","name":"USD Coin","percent_change_1h":"-0.169301","percent_change_24h":"-0.731453","percent_change_7d":"0.000000","price_eur":"0.910289","rank":"5","symbol":"USDC","total_supply":"51976898384.186935"},{"24h_volume_eur":"1048212502.257536","available_supply":"48121609012.000000","id":"xrp","last_updated":"1648352227","market_cap_eur":"36645537323.694710","max_supply":"100000000000.000000","name":"XRP","percent_change_1h":"-0.301567","percent_change_24h":"0.465357","percent_change_7d":"0.000000","price_eur":"0.761519","rank":"6","symbol":"XRP","total_supply":"99989656524.000000"},{"24h_volume_eur":"399471474.587914","available_supply":"467009549.520564","id":"chainlink","last_updated":"1648352227","market_cap_eur":"6812410957.062791","max_supply":"1000000000.000000","name":"Chainlink","percent_change_1h":"-0.204640","percent_change_24h":"1.705739","percent_change_7d":"0.000000","price_eur":"14.587305","rank":"23","symbol":"LINK","total_supply":"1000000000.000000"},{"24h_volume_eur":"959228047.793932","available_supply":"101699931785.328461","id":"tron","last_updated":"1648352227","market_cap_eur":"6177134944.120199","max_supply":"0.000000","name":"TRON","percent_change_1h":"-0.392416","percent_change_24h":"3.399962","percent_change_7d":"0.000000","price_eur":"0.060739","rank":"27","symbol":"TRX","total_supply":"101699925302.365784"},{"24h_volume_eur":"21509875.076030","available_supply":"114101684.084397","id":"helium","last_updated":"1648352227","market_cap_eur":"2503354431.014937","max_supply":"223000000.000000","name":"Helium","percent_change_1h":"-0.575603","percent_change_24h":"2.718120","percent_change_7d":"0.000000","price_eur":"21.939680","rank":"50","symbol":"HNT","total_supply":"223000000.000000"},{"24h_volume_eur":"136799948.732895","available_supply":"13656151.097640","id":"aave","last_updated":"1648352227","market_cap_eur":"2034855516.475365","max_supply":"16000000.000000","name":"Aave","percent_change_1h":"-0.971270","percent_change_24h":"0.079449","percent_change_7d":"0.000000","price_eur":"149.006517","rank":"54","symbol":"AAVE","total_supply":"16000000.000000"},{"24h_volume_eur":"41773164.874444","available_supply":"33394701.000000","id":"arweave","last_updated":"1648352227","market_cap_eur":"1063938347.265798","max_supply":"66000000.000000","name":"Arweave","percent_change_1h":"-0.309802","percent_change_24h":"2.992729","percent_change_7d":"0.000000","price_eur":"31.859496","rank":"80","symbol":"AR","total_supply":"63190435.000000"},{"24h_volume_eur":"16075725005.834288","available_supply":"18994962.000000","id":"bitcoin","last_updated":"1648352227","market_cap_eur":"772607936859.899902","max_supply":"21000000.000000","name":"Bitcoin","percent_change_1h":"-0.396216","percent_change_24h":"-0.043011","percent_change_7d":"0.000000","price_eur":"40674.360752","rank":"1","symbol":"BTC","total_supply":"18994962.000000"},{"24h_volume_eur":"118015129.983912","available_supply":"274330.356098","id":"wrapped-bitcoin","last_updated":"1648352227","market_cap_eur":"11166181630.641434","max_supply":"0.000000","name":"Wrapped Bitcoin","percent_change_1h":"-0.362025","percent_change_24h":"0.156647","percent_change_7d":"0.000000","price_eur":"40703.412446","rank":"17","symbol":"WBTC","total_supply":"274330.356098"},{"24h_volume_eur":"51925203.376894","available_supply":"25263013692.000000","id":"cronos","last_updated":"1648352227","market_cap_eur":"10602415374.347656","max_supply":"30263013692.000000","name":"Cronos","percent_change_1h":"-0.157193","percent_change_24h":"0.680599","percent_change_7d":"0.000000","price_eur":"0.419681","rank":"18","symbol":"CRO","total_supply":"30263013692.000000"},{"24h_volume_eur":"189231112.237261","available_supply":"182476626.000000","id":"filecoin","last_updated":"1648352227","market_cap_eur":"3236821135.816619","max_supply":"0.000000","name":"Filecoin","percent_change_1h":"-0.156669","percent_change_24h":"3.055893","percent_change_7d":"0.000000","price_eur":"17.738278","rank":"42","symbol":"FIL","total_supply":"182476626.000000"},{"24h_volume_eur":"27392665.608609","available_supply":"1304802596.096579","id":"stacks","last_updated":"1648352227","market_cap_eur":"1617579876.622017","max_supply":"1818000000.000000","name":"Stacks","percent_change_1h":"-0.045175","percent_change_24h":"0.721871","percent_change_7d":"0.000000","price_eur":"1.239712","rank":"60","symbol":"STX","total_supply":"1352464600.000000"},{"24h_volume_eur":"176527993.247005","available_supply":"6000316458.269583","id":"chiliz","last_updated":"1648352227","market_cap_eur":"1316294539.485276","max_supply":"8888888888.000000","name":"Chiliz","percent_change_1h":"-0.769342","percent_change_24h":"0.373996","percent_change_7d":"0.000000","price_eur":"0.219371","rank":"69","symbol":"CHZ","total_supply":"8888888888.000000"},{"24h_volume_eur":"437961767.430545","available_supply":"549063278876301.937500","id":"shiba-inu","last_updated":"1648352227","market_cap_eur":"12269597925.180511","max_supply":"0.000000","name":"Shiba Inu","percent_change_1h":"-0.561597","percent_change_24h":"0.885477","percent_change_7d":"0.000000","price_eur":"0.000022","rank":"15","symbol":"SHIB","total_supply":"589735030408322.750000"},{"24h_volume_eur":"187082602.540531","available_supply":"24687941275.382362","id":"stellar","last_updated":"1648352227","market_cap_eur":"4889679550.372232","max_supply":"50001806812.000000","name":"Stellar","percent_change_1h":"-0.316412","percent_change_24h":"2.592772","percent_change_7d":"0.000000","price_eur":"0.198059","rank":"31","symbol":"XLM","total_supply":"50001788049.149078"},{"24h_volume_eur":"293974122.773657","available_supply":"330688061.334456","id":"thorchain","last_updated":"1648352227","market_cap_eur":"3124313185.962529","max_supply":"500000000.000000","name":"THORChain","percent_change_1h":"0.112833","percent_change_24h":"4.537978","percent_change_7d":"0.000000","price_eur":"9.447916","rank":"44","symbol":"RUNE","total_supply":"334937974.914785"},{"24h_volume_eur":"85048821.388624","available_supply":"4715735200.000000","id":"the-graph","last_updated":"1648352227","market_cap_eur":"1782016310.266115","max_supply":"10057044431.000000","name":"The Graph","percent_change_1h":"-0.123179","percent_change_24h":"0.405338","percent_change_7d":"0.000000","price_eur":"0.377887","rank":"57","symbol":"GRT","total_supply":"10000000000.000000"},{"24h_volume_eur":"716880332.465164","available_supply":"660882835.000000","id":"near-protocol","last_updated":"1648352227","market_cap_eur":"7776359627.651132","max_supply":"1000000000.000000","name":"NEAR Protocol","percent_change_1h":"-0.561405","percent_change_24h":"1.317838","percent_change_7d":"0.000000","price_eur":"11.766624","rank":"21","symbol":"NEAR","total_supply":"1000000000.000000"},{"24h_volume_eur":"359670518.784595","available_supply":"286370297.000000","id":"cosmos","last_updated":"1648352227","market_cap_eur":"7538681647.941080","max_supply":"0.000000","name":"Cosmos","percent_change_1h":"-0.392516","percent_change_24h":"1.738166","percent_change_7d":"0.000000","price_eur":"26.324943","rank":"22","symbol":"ATOM","total_supply":"0.000000"},{"24h_volume_eur":"140928579.806841","available_supply":"689005671.800284","id":"uniswap","last_updated":"1648352227","market_cap_eur":"6729612322.603373","max_supply":"1000000000.000000","name":"Uniswap","percent_change_1h":"-0.113831","percent_change_24h":"0.886957","percent_change_7d":"0.000000","price_eur":"9.767136","rank":"24","symbol":"UNI","total_supply":"1000000000.000000"},{"24h_volume_eur":"4063258484.641056","available_supply":"19019593.750000","id":"bitcoin-cash","last_updated":"1648352227","market_cap_eur":"6274534313.182700","max_supply":"21000000.000000","name":"Bitcoin Cash","percent_change_1h":"-0.117793","percent_change_24h":"-0.556322","percent_change_7d":"0.000000","price_eur":"329.898440","rank":"26","symbol":"BCH","total_supply":"19019593.750000"},{"24h_volume_eur":"108900847.354608","available_supply":"1497173045.447351","id":"basic-attention-token","last_updated":"1648352227","market_cap_eur":"1198475507.558894","max_supply":"1500000000.000000","name":"Basic Attention Token","percent_change_1h":"-1.647027","percent_change_24h":"4.904622","percent_change_7d":"0.000000","price_eur":"0.800492","rank":"77","symbol":"BAT","total_supply":"1500000000.000000"},{"24h_volume_eur":"161694398.247152","available_supply":"6627746849.839054","id":"algorand","last_updated":"1648352227","market_cap_eur":"5577012020.272532","max_supply":"10000000000.000000","name":"Algorand","percent_change_1h":"0.060719","percent_change_24h":"3.818102","percent_change_7d":"0.000000","price_eur":"0.841464","rank":"29","symbol":"ALGO","total_supply":"7063106122.352998"},{"24h_volume_eur":"30503308.041159","available_supply":"977631.036951","id":"maker","last_updated":"1648352227","market_cap_eur":"1787261199.763298","max_supply":"1005577.000000","name":"Maker","percent_change_1h":"-0.323923","percent_change_24h":"-0.706542","percent_change_7d":"0.000000","price_eur":"1828.155134","rank":"56","symbol":"MKR","total_supply":"977631.036951"},{"24h_volume_eur":"377756866.118074","available_supply":"6977205436.000000","id":"gala","last_updated":"1648352227","market_cap_eur":"1609486386.571918","max_supply":"0.000000","name":"Gala","percent_change_1h":"0.066344","percent_change_24h":"2.215985","percent_change_7d":"0.000000","price_eur":"0.230678","rank":"61","symbol":"GALA","total_supply":"35240112493.000000"},{"24h_volume_eur":"445871245.866079","available_supply":"1329675414.149239","id":"loopring","last_updated":"1648352227","market_cap_eur":"1309400237.344604","max_supply":"1374513896.000000","name":"Loopring","percent_change_1h":"-0.826925","percent_change_24h":"1.254166","percent_change_7d":"0.000000","price_eur":"0.984752","rank":"70","symbol":"LRC","total_supply":"1373873440.442457"},{"24h_volume_eur":"39899658.280825","available_supply":"432808489.840039","id":"mina","last_updated":"1648352227","market_cap_eur":"1012359510.818239","max_supply":"0.000000","name":"Mina","percent_change_1h":"-0.773974","percent_change_24h":"3.525138","percent_change_7d":"0.000000","price_eur":"2.339047","rank":"83","symbol":"MINA","total_supply":"824104972.000000"},{"24h_volume_eur":"3758375.558913","available_supply":"794480653.464321","id":"neutrino-usd","last_updated":"1648352227","market_cap_eur":"719910176.257809","max_supply":"0.000000","name":"Neutrino USD","percent_change_1h":"-0.104670","percent_change_24h":"-0.623102","percent_change_7d":"0.000000","price_eur":"0.906139","rank":"97","symbol":"USDN","total_supply":"794481252.280850"},{"24h_volume_eur":"61851149.923079","available_supply":"2762703418.800000","id":"klaytn","last_updated":"1648352227","market_cap_eur":"2898084199.532043","max_supply":"0.000000","name":"Klaytn","percent_change_1h":"-0.115007","percent_change_24h":"1.830135","percent_change_7d":"0.000000","price_eur":"1.049003","rank":"48","symbol":"KLAY","total_supply":"10782297980.799999"},{"24h_volume_eur":"90805360.136307","available_supply":"923767696429000.000000","id":"bittorrent-new","last_updated":"1648352227","market_cap_eur":"1652836290.829001","max_supply":"0.000000","name":"BitTorrent-New","percent_change_1h":"-0.042017","percent_change_24h":"2.294695","percent_change_7d":"0.000000","price_eur":"0.000002","rank":"58","symbol":"BTT","total_supply":"990000000000000.000000"},{"24h_volume_eur":"19689635.518058","available_supply":"8999999999.000000","id":"nem","last_updated":"1648352227","market_cap_eur":"919727327.849898","max_supply":"8999999999.000000","name":"NEM","percent_change_1h":"-0.166459","percent_change_24h":"4.216895","percent_change_7d":"0.000000","price_eur":"0.102192","rank":"85","symbol":"XEM","total_supply":"8999999999.000000"},{"24h_volume_eur":"59905977.786412","available_supply":"36637.721226","id":"yearn-finance","last_updated":"1648352227","market_cap_eur":"707128661.469387","max_supply":"36666.000000","name":"yearn.finance","percent_change_1h":"-0.151858","percent_change_24h":"2.142581","percent_change_7d":"0.000000","price_eur":"19300.563403","rank":"100","symbol":"YFI","total_supply":"36666.000000"},{"24h_volume_eur":"6959177.596280","available_supply":"953954130.000000","id":"unus-sed-leo","last_updated":"1648352227","market_cap_eur":"5157966310.201758","max_supply":"0.000000","name":"UNUS SED LEO","percent_change_1h":"0.295375","percent_change_24h":"-0.025891","percent_change_7d":"0.000000","price_eur":"5.406933","rank":"30","symbol":"LEO","total_supply":"985239504.000000"},{"24h_volume_eur":"163585256.144408","available_supply":"888906385.149828","id":"tezos","last_updated":"1648352227","market_cap_eur":"2996483921.234711","max_supply":"0.000000","name":"Tezos","percent_change_1h":"0.205554","percent_change_24h":"3.710528","percent_change_7d":"0.000000","price_eur":"3.370978","rank":"47","symbol":"XTZ","total_supply":"910715604.619167"},{"24h_volume_eur":"116728226.555842","available_supply":"278566252.244681","id":"pancakeswap","last_updated":"1648352227","market_cap_eur":"1872486552.073366","max_supply":"0.000000","name":"PancakeSwap","percent_change_1h":"-0.022273","percent_change_24h":"5.478957","percent_change_7d":"0.000000","price_eur":"6.721872","rank":"55","symbol":"CAKE","total_supply":"686673236.409311"},{"24h_volume_eur":"52049994.908100","available_supply":"173289911898.294556","id":"holo","last_updated":"1648352227","market_cap_eur":"823639797.954454","max_supply":"0.000000","name":"Holo","percent_change_1h":"-0.346799","percent_change_24h":"1.358803","percent_change_7d":"0.000000","price_eur":"0.004753","rank":"89","symbol":"HOT","total_supply":"177619433541.141327"},{"24h_volume_eur":"75402402.329009","available_supply":"479937576.000000","id":"sxp","last_updated":"1648352227","market_cap_eur":"722248137.317801","max_supply":"0.000000","name":"SXP","percent_change_1h":"0.852621","percent_change_24h":"4.919394","percent_change_7d":"0.000000","price_eur":"1.504879","rank":"96","symbol":"SXP","total_supply":"520737576.000000"},{"24h_volume_eur":"1652785.972855","available_supply":"238863519.826000","id":"celsius","last_updated":"1648352227","market_cap_eur":"713348110.723710","max_supply":"695658160.000000","name":"Celsius","percent_change_1h":"-0.456669","percent_change_24h":"-1.275533","percent_change_7d":"0.000000","price_eur":"2.986426","rank":"99","symbol":"CEL","total_supply":"695658160.000000"},{"24h_volume_eur":"121467158.210879","available_supply":"18098583.480792","id":"monero","last_updated":"1648352227","market_cap_eur":"3428108000.024424","max_supply":"0.000000","name":"Monero","percent_change_1h":"0.376748","percent_change_24h":"2.620419","percent_change_7d":"0.000000","price_eur":"189.413056","rank":"41","symbol":"XMR","total_supply":"18098583.480792"},{"24h_volume_eur":"25280520.710846","available_supply":"12072738.000000","id":"quant","last_updated":"1648352227","market_cap_eur":"1571506182.001027","max_supply":"14612493.000000","name":"Quant","percent_change_1h":"0.703575","percent_change_24h":"-0.691121","percent_change_7d":"0.000000","price_eur":"130.169824","rank":"63","symbol":"QNT","total_supply":"14612493.080826"},{"24h_volume_eur":"47654898.301200","available_supply":"171287601.115860","id":"kadena","last_updated":"1648352227","market_cap_eur":"1071911612.514077","max_supply":"1000000000.000000","name":"Kadena","percent_change_1h":"-0.453224","percent_change_24h":"1.766511","percent_change_7d":"0.000000","price_eur":"6.257964","rank":"79","symbol":"KDA","total_supply":"1000000000.000000"},{"24h_volume_eur":"134525885.362245","available_supply":"99063806.226057","id":"qtum","last_updated":"1648352227","market_cap_eur":"745720922.965293","max_supply":"107822406.000000","name":"Qtum","percent_change_1h":"-0.425165","percent_change_24h":"-0.187187","percent_change_7d":"0.000000","price_eur":"7.527683","rank":"95","symbol":"QTUM","total_supply":"103944501.000000"},{"24h_volume_eur":"2525900401.838442","available_supply":"17566012233.829254","id":"binance-usd","last_updated":"1648352227","market_cap_eur":"16005590611.017675","max_supply":"0.000000","name":"Binance USD","percent_change_1h":"-0.048643","percent_change_24h":"-0.638808","percent_change_7d":"0.000000","price_eur":"0.911168","rank":"13","symbol":"BUSD","total_supply":"17566012233.829254"},{"24h_volume_eur":"1055962962.217476","available_supply":"133811337.140518","id":"ethereum-classic","last_updated":"1648352227","market_cap_eur":"5747106082.408818","max_supply":"210700000.000000","name":"Ethereum Classic","percent_change_1h":"-0.254967","percent_change_24h":"-2.741200","percent_change_7d":"0.000000","price_eur":"42.949321","rank":"28","symbol":"ETC","total_supply":"210700000.000000"},{"24h_volume_eur":"166569547.699526","available_supply":"21703554.904016","id":"elrond-egld","last_updated":"1648352227","market_cap_eur":"3715047505.741059","max_supply":"31415926.000000","name":"Elrond","percent_change_1h":"-0.131723","percent_change_24h":"4.258683","percent_change_7d":"0.000000","price_eur":"171.172304","rank":"37","symbol":"EGLD","total_supply":"23016298.000000"},{"24h_volume_eur":"50411049.063010","available_supply":"2779530283.000000","id":"iota","last_updated":"1648352227","market_cap_eur":"2132306082.104830","max_supply":"2779530283.000000","name":"IOTA","percent_change_1h":"-1.375744","percent_change_24h":"6.093829","percent_change_7d":"0.000000","price_eur":"0.767146","rank":"53","symbol":"MIOTA","total_supply":"2779530283.000000"},{"24h_volume_eur":"145395773.808610","available_supply":"60000000.000000","id":"okb","last_updated":"1648352227","market_cap_eur":"1202836969.032870","max_supply":"0.000000","name":"OKB","percent_change_1h":"-1.198260","percent_change_24h":"2.362374","percent_change_7d":"0.000000","price_eur":"20.047283","rank":"76","symbol":"OKB","total_supply":"300000000.000000"},{"24h_volume_eur":"8004114.043527","available_supply":"42227702186.000000","id":"amp","last_updated":"1648352227","market_cap_eur":"1018152773.479772","max_supply":"92547638199.000000","name":"Amp","percent_change_1h":"-0.356417","percent_change_24h":"1.310421","percent_change_7d":"0.000000","price_eur":"0.024111","rank":"82","symbol":"AMP","total_supply":"99213408535.000000"},{"24h_volume_eur":"85881296.572159","available_supply":"19015432.894239","id":"bitcoin-sv","last_updated":"1648352227","market_cap_eur":"1566888539.868631","max_supply":"21000000.000000","name":"Bitcoin SV","percent_change_1h":"-0.635525","percent_change_24h":"0.671262","percent_change_7d":"0.000000","price_eur":"82.400887","rank":"64","symbol":"BSV","total_supply":"19015432.894239"},{"24h_volume_eur":"85708750.275487","available_supply":"872224705.567558","id":"enjin-coin","last_updated":"1648352227","market_cap_eur":"1322416321.723902","max_supply":"1000000000.000000","name":"Enjin Coin","percent_change_1h":"-0.864294","percent_change_24h":"2.440682","percent_change_7d":"0.000000","price_eur":"1.516142","rank":"68","symbol":"ENJ","total_supply":"1000000000.000000"},{"24h_volume_eur":"1258844120.954347","available_supply":"33726193456.994999","id":"cardano","last_updated":"1648352227","market_cap_eur":"35085489959.341759","max_supply":"45000000000.000000","name":"Cardano","percent_change_1h":"-0.574638","percent_change_24h":"3.002489","percent_change_7d":"0.000000","price_eur":"1.040304","rank":"7","symbol":"ADA","total_supply":"34258602060.048000"},{"24h_volume_eur":"614385277.656809","available_supply":"267264820.736240","id":"avalanche","last_updated":"1648352227","market_cap_eur":"20993598267.254379","max_supply":"0.000000","name":"Avalanche","percent_change_1h":"-0.268860","percent_change_24h":"2.590951","percent_change_7d":"0.000000","price_eur":"78.549800","rank":"10","symbol":"AVAX","total_supply":"395891289.913411"},{"24h_volume_eur":"231935542.303091","available_supply":"16118871019.062645","id":"terrausd","last_updated":"1648352227","market_cap_eur":"14696188388.291273","max_supply":"0.000000","name":"TerraUSD","percent_change_1h":"-0.221246","percent_change_24h":"-0.640958","percent_change_7d":"0.000000","price_eur":"0.911738","rank":"14","symbol":"UST","total_supply":"16118871019.062645"},{"24h_volume_eur":"201054234.565537","available_supply":"1840815768.036185","id":"decentraland","last_updated":"1648352227","market_cap_eur":"4390602503.648870","max_supply":"0.000000","name":"Decentraland","percent_change_1h":"-0.362985","percent_change_24h":"0.679288","percent_change_7d":"0.000000","price_eur":"2.385140","rank":"32","symbol":"MANA","total_supply":"2193723327.320146"},{"24h_volume_eur":"1108816068.182102","available_supply":"277500000.000000","id":"apecoin-ape","last_updated":"1648352227","market_cap_eur":"3433752463.251832","max_supply":"1000000000.000000","name":"ApeCoin","percent_change_1h":"0.537804","percent_change_24h":"4.756892","percent_change_7d":"0.000000","price_eur":"12.373883","rank":"40","symbol":"APE","total_supply":"1000000000.000000"},{"24h_volume_eur":"326804973.828117","available_supply":"14034275.000000","id":"zcash","last_updated":"1648352227","market_cap_eur":"2591176189.204682","max_supply":"21000000.000000","name":"Zcash","percent_change_1h":"-1.203622","percent_change_24h":"0.445407","percent_change_7d":"0.000000","price_eur":"184.631995","rank":"49","symbol":"ZEC","total_supply":"14034275.000000"},{"24h_volume_eur":"19019045.595618","available_supply":"155673013.254412","id":"huobi-token","last_updated":"1648352227","market_cap_eur":"1281795187.373447","max_supply":"500000000.000000","name":"Huobi Token","percent_change_1h":"-0.204632","percent_change_24h":"0.853393","percent_change_7d":"0.000000","price_eur":"8.233895","rank":"71","symbol":"HT","total_supply":"500000000.000000"},{"24h_volume_eur":"46497069.951707","available_supply":"427388610.000000","id":"celo","last_updated":"1648352227","market_cap_eur":"1230498867.289929","max_supply":"1000000000.000000","name":"Celo","percent_change_1h":"-0.599501","percent_change_24h":"0.517035","percent_change_7d":"0.000000","price_eur":"2.879110","rank":"75","symbol":"CELO","total_supply":"1000000000.000000"},{"24h_volume_eur":"39631730.237137","available_supply":"3493014306.280000","id":"oasis-network","last_updated":"1648352227","market_cap_eur":"846558453.594177","max_supply":"10000000000.000000","name":"Oasis Network","percent_change_1h":"-0.039419","percent_change_24h":"1.301962","percent_change_7d":"0.000000","price_eur":"0.242358","rank":"88","symbol":"ROSE","total_supply":"10000000000.000000"}]