<?xml version="1.0" encoding="UTF-8"?><gupdate xmlns="http://www.google.com/update2/response" protocol="2.0" server="prod"><daystart elapsed_days="5563" elapsed_seconds="16156"/><app appid="ckcmdpmhiekiihmfjffdehhbhgllpapg" cohort="1::" cohortname="" status="ok"><ping status="ok"/><disabled status="ok"/><updatecheck _esbAllowlist="false" status="noupdate"/></app><app appid="ipjjmoaaiokdonnldckdhmhojapklmdi" cohort="1::" cohortname="" status="ok"><ping status="ok"/><updatecheck _esbAllowlist="false" status="noupdate"/></app><app appid="phcogmapnhgdbmilclanafaljonkjppa" cohort="1::" cohortname="" status="ok"><ping status="ok"/><disabled status="ok"/><updatecheck _esbAllowlist="false" status="noupdate"/></app></gupdate>