{"Common.Close":"Закрыть","Common.FileSize.ToGb":"{volume} Гб","Common.FileSize.ToKb":"{volume} Кб","Common.FileSize.ToMb":"{volume} Мб","Common.ImageZoom.Tooltip.Decrease":"Уменьшить","Common.ImageZoom.Tooltip.Increase":"Увеличить","Common.ImageZoom.Tooltip.ResetScale":"Вернуть исходный размер","Roll.Common.ChapterDefaultTitle":"Новая глава","Roll.Common.CurrentChapterFromTotal":"Глава {current} из {total}","Roll.Common.IntroDefaultTitle":"Новая страница","Roll.Common.NavigationPanel.IntroTitle":"Введение","Roll.Editor.AttachmentBlock.DownloadButtonTooltip":"Скачать","Roll.Editor.AttachmentBlock.UpdateButtonTooltip":"Заменить","Roll.Editor.ImageControls.MediaToolbar.DeleteTooltip":"Удалить","Roll.Editor.ImageControls.MediaToolbar.Replace":"Заменить","Roll.Editor.ImageControls.MoveLeftTooltip":"Сдвинуть влево","Roll.Editor.ImageControls.MoveRightTooltip":"Сдвинуть вправо","Roll.Editor.MediaCaptionDefaultText":"Добавьте подпись (необязательно)","Roll.Exercise.Player.Button.Next":"Далее","Roll.Exercise.Player.Button.RestartExercise":"ПРОЙТИ ЗАНОВО","Roll.Exercise.Player.Button.Submit":"Ответить","Roll.Exercise.Player.Content.TypeIn.AcceptableResponses":"Приемлемые ответы","Roll.Exercise.Player.Content.TypeIn.Placeholder":"Введите ваш ответ…","Roll.Exercise.Player.Status.Correct":"Верно","Roll.Exercise.Player.Status.Incorrect":"Неверно","Roll.Exercise.Question.Content.PossibleAnswer":"Вариант ответа","Roll.Exercise.TypeIn.Answer":"Ответ","Roll.Player.Complete":"Завершить","Roll.Player.Continue":"Продолжить","Roll.Player.GotoNextChapterLink":"Далее: {title}","Roll.Player.LockedNavigationItemTooltipText":"Изучайте главы по порядку","TrialWatermark.Text.Learn":"Создано в пробной версии iSpring Learn","TrialWatermark.Text.Page":"Создано в пробной версии iSpring Page","TrialWatermark.Text.Space":"Создано в пробной версии iSpring Space"}