<?xml version="1.0" encoding="UTF-8"?>
<gesmes:Envelope xmlns:gesmes="http://www.gesmes.org/xml/2002-08-01" xmlns="http://www.ecb.int/vocabulary/2002-08-01/eurofxref">
	<gesmes:subject>Reference rates</gesmes:subject>
	<gesmes:Sender>
		<gesmes:name>European Central Bank</gesmes:name>
	</gesmes:Sender>
	<Cube>
		<Cube time='2022-03-25'>
			<Cube currency='USD' rate='1.1002'/>
			<Cube currency='JPY' rate='134.07'/>
			<Cube currency='BGN' rate='1.9558'/>
			<Cube currency='CZK' rate='24.645'/>
			<Cube currency='DKK' rate='7.4404'/>
			<Cube currency='GBP' rate='0.83380'/>
			<Cube currency='HUF' rate='373.81'/>
			<Cube currency='PLN' rate='4.7307'/>
			<Cube currency='RON' rate='4.9487'/>
			<Cube currency='SEK' rate='10.3505'/>
			<Cube currency='CHF' rate='1.0207'/>
			<Cube currency='ISK' rate='142.20'/>
			<Cube currency='NOK' rate='9.5205'/>
			<Cube currency='HRK' rate='7.5754'/>
			<Cube currency='TRY' rate='16.3304'/>
			<Cube currency='AUD' rate='1.4624'/>
			<Cube currency='BRL' rate='5.2634'/>
			<Cube currency='CAD' rate='1.3781'/>
			<Cube currency='CNY' rate='7.0007'/>
			<Cube currency='HKD' rate='8.6117'/>
			<Cube currency='IDR' rate='15777.69'/>
			<Cube currency='ILS' rate='3.5351'/>
			<Cube currency='INR' rate='83.8235'/>
			<Cube currency='KRW' rate='1343.32'/>
			<Cube currency='MXN' rate='21.9908'/>
			<Cube currency='MYR' rate='4.6324'/>
			<Cube currency='NZD' rate='1.5787'/>
			<Cube currency='PHP' rate='57.322'/>
			<Cube currency='SGD' rate='1.4919'/>
			<Cube currency='THB' rate='36.906'/>
			<Cube currency='ZAR' rate='16.0386'/>
		</Cube>
	</Cube>
</gesmes:Envelope>