[
{ 
"r030":36,"txt":"Австралійський долар","rate":21.9924,"cc":"AUD","exchangedate":"28.03.2022"
 }
,{ 
"r030":124,"txt":"Канадський долар","rate":23.3488,"cc":"CAD","exchangedate":"28.03.2022"
 }
,{ 
"r030":156,"txt":"Юань Женьміньбі","rate":4.5978,"cc":"CNY","exchangedate":"28.03.2022"
 }
,{ 
"r030":191,"txt":"Куна","rate":4.25,"cc":"HRK","exchangedate":"28.03.2022"
 }
,{ 
"r030":203,"txt":"Чеська крона","rate":1.3062,"cc":"CZK","exchangedate":"28.03.2022"
 }
,{ 
"r030":208,"txt":"Данська крона","rate":4.3269,"cc":"DKK","exchangedate":"28.03.2022"
 }
,{ 
"r030":344,"txt":"Гонконгівський долар","rate":3.7376,"cc":"HKD","exchangedate":"28.03.2022"
 }
,{ 
"r030":348,"txt":"Форинт","rate":0.086125,"cc":"HUF","exchangedate":"28.03.2022"
 }
,{ 
"r030":356,"txt":"Індійська рупія","rate":0.38385,"cc":"INR","exchangedate":"28.03.2022"
 }
,{ 
"r030":360,"txt":"Рупія","rate":0.0020395,"cc":"IDR","exchangedate":"28.03.2022"
 }
,{ 
"r030":376,"txt":"Новий ізраїльський шекель","rate":9.1086,"cc":"ILS","exchangedate":"28.03.2022"
 }
,{ 
"r030":392,"txt":"Єна","rate":0.24028,"cc":"JPY","exchangedate":"28.03.2022"
 }
,{ 
"r030":398,"txt":"Теньге","rate":0.059326,"cc":"KZT","exchangedate":"28.03.2022"
 }
,{ 
"r030":410,"txt":"Вона","rate":0.024001,"cc":"KRW","exchangedate":"28.03.2022"
 }
,{ 
"r030":484,"txt":"Мексиканське песо","rate":1.4626,"cc":"MXN","exchangedate":"28.03.2022"
 }
,{ 
"r030":498,"txt":"Молдовський лей","rate":1.5908,"cc":"MDL","exchangedate":"28.03.2022"
 }
,{ 
"r030":554,"txt":"Новозеландський долар","rate":20.379,"cc":"NZD","exchangedate":"28.03.2022"
 }
,{ 
"r030":578,"txt":"Норвезька крона","rate":3.3814,"cc":"NOK","exchangedate":"28.03.2022"
 }
,{ 
"r030":643,"txt":"Російський рубль","rate":0.29666,"cc":"RUB","exchangedate":"28.03.2022"
 }
,{ 
"r030":682,"txt":"Саудівський ріял","rate":7.7986,"cc":"SAR","exchangedate":"28.03.2022"
 }
,{ 
"r030":702,"txt":"Сінгапурський долар","rate":21.5712,"cc":"SGD","exchangedate":"28.03.2022"
 }
,{ 
"r030":710,"txt":"Ренд","rate":2.0081,"cc":"ZAR","exchangedate":"28.03.2022"
 }
,{ 
"r030":752,"txt":"Шведська крона","rate":3.1094,"cc":"SEK","exchangedate":"28.03.2022"
 }
,{ 
"r030":756,"txt":"Швейцарський франк","rate":31.5502,"cc":"CHF","exchangedate":"28.03.2022"
 }
,{ 
"r030":818,"txt":"Єгипетський фунт","rate":1.5956,"cc":"EGP","exchangedate":"28.03.2022"
 }
,{ 
"r030":826,"txt":"Фунт стерлінгів","rate":38.6018,"cc":"GBP","exchangedate":"28.03.2022"
 }
,{ 
"r030":840,"txt":"Долар США","rate":29.2549,"cc":"USD","exchangedate":"28.03.2022"
 }
,{ 
"r030":933,"txt":"Білоруський рубль","rate":10.6335,"cc":"BYN","exchangedate":"28.03.2022"
 }
,{ 
"r030":946,"txt":"Румунський лей","rate":6.5057,"cc":"RON","exchangedate":"28.03.2022"
 }
,{ 
"r030":949,"txt":"Турецька ліра","rate":1.9711,"cc":"TRY","exchangedate":"28.03.2022"
 }
,{ 
"r030":960,"txt":"СПЗ (спеціальні права запозичення)","rate":40.3459,"cc":"XDR","exchangedate":"28.03.2022"
 }
,{ 
"r030":975,"txt":"Болгарський лев","rate":16.4612,"cc":"BGN","exchangedate":"28.03.2022"
 }
,{ 
"r030":978,"txt":"Євро","rate":32.1936,"cc":"EUR","exchangedate":"28.03.2022"
 }
,{ 
"r030":985,"txt":"Злотий","rate":6.8055,"cc":"PLN","exchangedate":"28.03.2022"
 }
,{ 
"r030":12,"txt":"Алжирський динар","rate":0.20273,"cc":"DZD","exchangedate":"28.03.2022"
 }
,{ 
"r030":50,"txt":"Така","rate":0.33088,"cc":"BDT","exchangedate":"28.03.2022"
 }
,{ 
"r030":51,"txt":"Вірменський драм","rate":0.058941,"cc":"AMD","exchangedate":"28.03.2022"
 }
,{ 
"r030":364,"txt":"Іранський ріал","rate":0.00067751,"cc":"IRR","exchangedate":"28.03.2022"
 }
,{ 
"r030":368,"txt":"Іракський динар","rate":0.01949,"cc":"IQD","exchangedate":"28.03.2022"
 }
,{ 
"r030":417,"txt":"Сом","rate":0.33557,"cc":"KGS","exchangedate":"28.03.2022"
 }
,{ 
"r030":422,"txt":"Ліванський фунт","rate":0.018876,"cc":"LBP","exchangedate":"28.03.2022"
 }
,{ 
"r030":434,"txt":"Лівійський динар","rate":6.1619,"cc":"LYD","exchangedate":"28.03.2022"
 }
,{ 
"r030":458,"txt":"Малайзійський ринггіт","rate":6.7978,"cc":"MYR","exchangedate":"28.03.2022"
 }
,{ 
"r030":504,"txt":"Марокканський дирхам","rate":3.0113,"cc":"MAD","exchangedate":"28.03.2022"
 }
,{ 
"r030":586,"txt":"Пакистанська рупія","rate":0.16106,"cc":"PKR","exchangedate":"28.03.2022"
 }
,{ 
"r030":704,"txt":"Донг","rate":0.0012564,"cc":"VND","exchangedate":"28.03.2022"
 }
,{ 
"r030":764,"txt":"Бат","rate":0.8548,"cc":"THB","exchangedate":"28.03.2022"
 }
,{ 
"r030":784,"txt":"Дирхам ОАЕ","rate":7.7472,"cc":"AED","exchangedate":"28.03.2022"
 }
,{ 
"r030":788,"txt":"Туніський динар","rate":9.7869,"cc":"TND","exchangedate":"28.03.2022"
 }
,{ 
"r030":860,"txt":"Узбецький сум","rate":0.0026336,"cc":"UZS","exchangedate":"28.03.2022"
 }
,{ 
"r030":934,"txt":"Туркменський новий манат","rate":8.1301,"cc":"TMT","exchangedate":"28.03.2022"
 }
,{ 
"r030":941,"txt":"Сербський динар","rate":0.26998,"cc":"RSD","exchangedate":"28.03.2022"
 }
,{ 
"r030":944,"txt":"Азербайджанський манат","rate":16.777,"cc":"AZN","exchangedate":"28.03.2022"
 }
,{ 
"r030":972,"txt":"Сомоні","rate":2.5182,"cc":"TJS","exchangedate":"28.03.2022"
 }
,{ 
"r030":981,"txt":"Ларі","rate":9.3404,"cc":"GEL","exchangedate":"28.03.2022"
 }
,{ 
"r030":986,"txt":"Бразильський реал","rate":5.2936,"cc":"BRL","exchangedate":"28.03.2022"
 }
,{ 
"r030":959,"txt":"Золото","rate":57220.24,"cc":"XAU","exchangedate":"28.03.2022"
 }
,{ 
"r030":961,"txt":"Срібло","rate":748.95,"cc":"XAG","exchangedate":"28.03.2022"
 }
,{ 
"r030":962,"txt":"Платина","rate":29833.56,"cc":"XPT","exchangedate":"28.03.2022"
 }
,{ 
"r030":964,"txt":"Паладій","rate":73481.29,"cc":"XPD","exchangedate":"28.03.2022"
 }
]
