<autoupdate schema-version="2.1"><system><metrics><uid /><lut /><metricsfailurenotificationurl>https://autoupdate.geo.opera.com/api/failedmetrics/?uuid=&amp;lut=&amp;</metricsfailurenotificationurl></metrics></system><product><resources><files><file><name>sitepatcher_opautoupdatechecker</name><version>1644502232</version><download><primary checksum="f5202f999b86f740c9488eb94213bb8fcd7ecbb14eeea9820f7c739587eea5c3" filename="browser.js" size="18465" type="full">https://download5.operacdn.com/res/servicefiles/browserjsfiles/json/desktop/browserjs-OPRDesktop-4316.0-16445022_beta.js</primary></download></file><file><name>Hint</name><version>10088</version><download><primary checksum="cbe8cf10c8291b9b3934c57b1cd31d831b0ae5973d6fb560522f1fda3ca687b3" filename="hint.gz" size="4808" type="full">https://download5.operacdn.com/res/servicefiles/hint/hint-10088-stable.gz</primary></download></file></files></resources></product><extraapplications><files><file><name>assistant</name><version>73.0.3856.382</version><download><primary checksum="e950f17f4181009eeafa9f5306e8a9dfd26d88ca63b1838f44ff0efc738e7d1f" filename="Opera_GX_assistant_73.0.3856.382_Setup.exe" size="1499104" type="full">https://download3.operacdn.com/ftp/pub/opera/../.assistant_gx/73.0.3856.382/Opera_GX_assistant_73.0.3856.382_Setup.exe</primary></download></file></files></extraapplications></autoupdate>