{"sentences":[{"trans":"Подтверждать","orig":"Confirm","backend":10}],"dict":[{"pos":"глагол","terms":["подтверждать","утверждать","конфирмовать","подкреплять","закреплять","ратифицировать","поддерживать"],"entry":[{"word":"подтверждать","reverse_translation":["confirm","reaffirm","acknowledge","affirm","support","verify"],"score":0.06493458},{"word":"утверждать","reverse_translation":["claim","affirm","assert","say","maintain","approve"],"score":0.0035506485},{"word":"конфирмовать","reverse_translation":["confirm"],"score":7.485183E-5},{"word":"подкреплять","reverse_translation":["reinforce","underpin","back","sustain","corroborate","confirm"],"score":4.198807E-5},{"word":"закреплять","reverse_translation":["fasten","fix","anchor","consolidate","secure","clip"],"score":3.32153E-5},{"word":"ратифицировать","reverse_translation":["ratify","validate","confirm","sanction"],"score":2.7109536E-5},{"word":"поддерживать","reverse_translation":["support","maintain","endorse","sustain","encourage","keep in"],"score":1.4971308E-5}],"base_form":"confirm","pos_enum":2}],"src":"en","confidence":1.0,"spell":{},"ld_result":{"srclangs":["en"],"srclangs_confidences":[1.0],"extended_srclangs":["en"]}}