{
  "FilterHeaders": [
    {
      "Header": "user-agent",
      "IncludeInScript": false
    },
    {
      "Header": "upgrade-insecure-requests",
      "IncludeInScript": true
    },
    {
      "Header": "sec-fetch-user",
      "IncludeInScript": true
    },
    {
      "Header": "sec-fetch-site",
      "IncludeInScript": true
    },
    {
      "Header": "sec-fetch-mode",
      "IncludeInScript": true
    },
    {
      "Header": "sec-fetch-dest",
      "IncludeInScript": true
    },
    {
      "Header": "sec-ch-ua-platform",
      "IncludeInScript": true
    },
    {
      "Header": "sec-ch-ua-mobile",
      "IncludeInScript": true
    },
    {
      "Header": "sec-ch-ua",
      "IncludeInScript": true
    },
    {
      "Header": "origin",
      "IncludeInScript": true
    },
    {
      "Header": "if-none-match",
      "IncludeInScript": false
    },
    {
      "Header": "if-modified-since",
      "IncludeInScript": false
    },
    {
      "Header": "dnt",
      "IncludeInScript": true
    },
    {
      "Header": "cache-control",
      "IncludeInScript": false
    },
    {
      "Header": "accept-language",
      "IncludeInScript": false
    },
    {
      "Header": "accept-encoding",
      "IncludeInScript": false
    },
    {
      "Header": "accept",
      "IncludeInScript": false
    }
  ],
  "FilterResources": [
    {
      "IsNonResource": true,
      "type": "text/html"
    },
    {
      "IsNonResource": false,
      "type": "image/png"
    },
    {
      "IsNonResource": false,
      "type": "image/gif"
    }
  ],
  "GeneralInfo": {
    "BrowserVersion": "",
    "IsWinInetMode": false,
    "MaxUsedConnections": 10,
    "RecordedBrowser": "Chrome",
    "RecordingDate": "мар-26-2022",
    "RecordingDuration": 95609,
    "RecordingMode": "N/A",
    "RecordingTimeStamp": 1648293647,
    "RecordingType": "Browser",
    "TotalBytesReceived": 32694,
    "TotalBytesSent": 21318,
    "TotalRequests": 26,
    "UserAgent": "Mozilla/5.0 (Windows NT 10.0; Win64; x64) AppleWebKit/537.36 (KHTML, like Gecko) Chrome/99.0.4844.82 Safari/537.36"
  },
  "HostInfo": [
    {
      "DomainName": "shelljacket.us",
      "Domains": [
        {
          "HTTPVersion": "HTTP/1.1",
          "IP": "46.101.131.214",
          "IncludeInScript": false,
          "Name": "event.shelljacket.us",
          "Port": 443,
          "Requests": [
            {
              "CompressionType": "",
              "DataType": "",
              "DownloadTime": 125,
              "EventId": 5274,
              "HttpStatus": 200,
              "Size": 0,
              "URL": "https://event.shelljacket.us/api/report/chrome_ext"
            }
          ],
          "SSLCipher": "TLS_AES_256_GCM_SHA384",
          "SSLVersion": "TLS1.3"
        }
      ],
      "IncludeInScript": true
    },
    {
      "DomainName": "hsselite.com",
      "Domains": [
        {
          "HTTPVersion": "HTTP/1.1",
          "IP": "184.169.221.190",
          "IncludeInScript": false,
          "Name": "api.hsselite.com",
          "Port": 443,
          "Requests": [
            {
              "CompressionType": "",
              "DataType": "application/octet-stream",
              "DownloadTime": 250,
              "EventId": 5283,
              "HttpStatus": 200,
              "Size": 671,
              "URL": "https://api.hsselite.com/1/plain/config/payment_popup"
            },
            {
              "CompressionType": "",
              "DataType": "application/octet-stream",
              "DownloadTime": 234,
              "EventId": 5276,
              "HttpStatus": 200,
              "Size": 374,
              "URL": "https://api.hsselite.com/1/plain/status"
            }
          ],
          "SSLCipher": "ECDHE-RSA-AES128-GCM-SHA256",
          "SSLVersion": "TLS1.2"
        }
      ],
      "IncludeInScript": true
    },
    {
      "DomainName": "googleapis.com",
      "Domains": [
        {
          "HTTPVersion": "HTTP/1.1",
          "IP": "173.194.222.94",
          "IncludeInScript": false,
          "Name": "update.googleapis.com",
          "Port": 443,
          "Requests": [
            {
              "CompressionType": "gzip",
              "DataType": "application/json",
              "DownloadTime": 110,
              "EventId": 5415,
              "HttpStatus": 200,
              "Size": 980,
              "URL": "https://update.googleapis.com/service/update2/json?cup2key=11:HUBfvE3uRAtzuIMb2fF8nc5H2pbm095Vya7IKVnHgu4&cup2hreq=faff243e0df229bb5f8b6d65d247455b65fb552b00c908d681462c792a560c61"
            },
            {
              "CompressionType": "gzip",
              "DataType": "application/json",
              "DownloadTime": 109,
              "EventId": 5266,
              "HttpStatus": 200,
              "Size": 606,
              "URL": "https://update.googleapis.com/service/update2/json?cup2key=11:WLjtxtHPTy0qv5EeVp0ry36wAZ1uJoCROopRiUKHLnk&cup2hreq=5479935bbe91bc409dadf38e31f19e90bd1030fb490ec3c7a3fdc6dbdaf2af2b"
            }
          ],
          "SSLCipher": "TLS_AES_256_GCM_SHA384",
          "SSLVersion": "TLS1.3"
        },
        {
          "HTTPVersion": "HTTP/1.1",
          "IP": "173.194.222.94",
          "IncludeInScript": false,
          "Name": "clientservices.googleapis.com",
          "Port": 443,
          "Requests": [
            {
              "CompressionType": "",
              "DataType": "",
              "DownloadTime": 63,
              "EventId": 5249,
              "HttpStatus": 304,
              "Size": 0,
              "URL": "https://clientservices.googleapis.com/chrome-variations/seed?osname=win&channel=stable&milestone=99"
            }
          ],
          "SSLCipher": "TLS_AES_256_GCM_SHA384",
          "SSLVersion": "TLS1.3"
        }
      ],
      "IncludeInScript": true
    },
    {
      "DomainName": "google.com",
      "Domains": [
        {
          "HTTPVersion": "HTTP/1.1",
          "IP": "64.233.165.103",
          "IncludeInScript": false,
          "Name": "www.google.com",
          "Port": 443,
          "Requests": [
            {
              "CompressionType": "br",
              "DataType": "application/json",
              "DownloadTime": 172,
              "EventId": 5278,
              "HttpStatus": 200,
              "Size": 40611,
              "URL": "https://www.google.com/async/newtab_ogb?hl=ru&async=fixed:0"
            },
            {
              "CompressionType": "br",
              "DataType": "application/json",
              "DownloadTime": 78,
              "EventId": 5272,
              "HttpStatus": 200,
              "Size": 33,
              "URL": "https://www.google.com/async/newtab_promos"
            },
            {
              "CompressionType": "br",
              "DataType": "application/json",
              "DownloadTime": 78,
              "EventId": 5255,
              "HttpStatus": 200,
              "Size": 23,
              "URL": "https://www.google.com/async/ddljson?async=ntp:2"
            }
          ],
          "SSLCipher": "TLS_AES_256_GCM_SHA384",
          "SSLVersion": "TLS1.3"
        },
        {
          "HTTPVersion": "HTTP/1.1",
          "IP": "74.125.205.138",
          "IncludeInScript": false,
          "Name": "clients2.google.com",
          "Port": 443,
          "Requests": [
            {
              "CompressionType": "gzip",
              "DataType": "text/xml",
              "DownloadTime": 78,
              "EventId": 5264,
              "HttpStatus": 200,
              "Size": 321,
              "URL": "https://clients2.google.com/service/update2/crx?os=win&arch=x64&os_arch=x86_64&nacl_arch=x86-64&prod=chromecrx&prodchannel=&prodversion=99.0.4844.82&lang=ru&acceptformat=crx3&x=id%3Dckcmdpmhiekiihmfjffdehhbhgllpapg%26v%3D0.0.0.0%26installedby%3Dinternal%26uc%26ping%3Dr%253D7%2526e%253D0%2526dr%253D1&x=id%3Dipjjmoaaiokdonnldckdhmhojapklmdi%26v%3D0.0.0.0%26installedby%3Dinternal%26uc%26ping%3Dr%253D7%2526e%253D1&x=id%3Dphcogmapnhgdbmilclanafaljonkjppa%26v%3D0.0.0.0%26installedby%3Dinternal%26uc%26ping%3Dr%253D7%2526e%253D0%2526dr%253D1"
            }
          ],
          "SSLCipher": "TLS_AES_256_GCM_SHA384",
          "SSLVersion": "TLS1.3"
        },
        {
          "HTTPVersion": "HTTP/1.1",
          "IP": "64.233.161.84",
          "IncludeInScript": false,
          "Name": "accounts.google.com",
          "Port": 443,
          "Requests": [
            {
              "CompressionType": "gzip",
              "DataType": "application/json",
              "DownloadTime": 93,
              "EventId": 5257,
              "HttpStatus": 200,
              "Size": 210,
              "URL": "https://accounts.google.com/ListAccounts?gpsia=1&source=ChromiumBrowser&json=standard"
            }
          ],
          "SSLCipher": "TLS_AES_256_GCM_SHA384",
          "SSLVersion": "TLS1.3"
        }
      ],
      "IncludeInScript": true
    },
    {
      "DomainName": "google-analytics.com",
      "Domains": [
        {
          "HTTPVersion": "HTTP/1.1",
          "IP": "142.251.1.101",
          "IncludeInScript": false,
          "Name": "www.google-analytics.com",
          "Port": 443,
          "Requests": [
            {
              "CompressionType": "",
              "DataType": "image/gif",
              "DownloadTime": 32,
              "EventId": 5245,
              "HttpStatus": 200,
              "Size": 35,
              "URL": "https://www.google-analytics.com/collect?v=1&_v=j96&a=1839814669&t=pageview&_s=1&dl=chrome-extension%3A%2F%2Fcmedhionkhpnakcndndgjdbohmhepckk%2F_generated_background_page.html&dp=background.html%3Fv%3D5.1.7&ul=ru-ru&de=UTF-8&sd=24-bit&sr=1920x1080&vp=&je=0&_u=QCCAgEAB~&jid=354858737&gjid=2092443655&cid=1036189143.1632641083&tid=UA-55554816-6&_gid=1271469547.1647872441&z=784923035"
            }
          ],
          "SSLCipher": "TLS_AES_256_GCM_SHA384",
          "SSLVersion": "TLS1.3"
        }
      ],
      "IncludeInScript": true
    },
    {
      "DomainName": "doubleclick.net",
      "Domains": [
        {
          "HTTPVersion": "HTTP/1.1",
          "IP": "74.125.131.154",
          "IncludeInScript": false,
          "Name": "stats.g.doubleclick.net",
          "Port": 443,
          "Requests": [
            {
              "CompressionType": "",
              "DataType": "text/plain",
              "DownloadTime": 47,
              "EventId": 5243,
              "HttpStatus": 200,
              "Size": 1,
              "URL": "https://stats.g.doubleclick.net/j/collect?t=dc&aip=1&_r=3&v=1&_v=j96&tid=UA-55554816-6&cid=1036189143.1632641083&jid=354858737&gjid=2092443655&_gid=1271469547.1647872441&_u=QCCAgEABAAAAAE~&z=1856201486"
            }
          ],
          "SSLCipher": "TLS_AES_256_GCM_SHA384",
          "SSLVersion": "TLS1.3"
        }
      ],
      "IncludeInScript": true
    },
    {
      "DomainName": "adblock-for-youtube.com",
      "Domains": [
        {
          "HTTPVersion": "HTTP/1.1",
          "IP": "13.32.111.72",
          "IncludeInScript": false,
          "Name": "api.adblock-for-youtube.com",
          "Port": 443,
          "Requests": [
            {
              "CompressionType": "",
              "DataType": "",
              "DownloadTime": 47,
              "EventId": 5252,
              "HttpStatus": 304,
              "Size": 0,
              "URL": "https://api.adblock-for-youtube.com/api/v1/adregex"
            },
            {
              "CompressionType": "",
              "DataType": "",
              "DownloadTime": 47,
              "EventId": 5247,
              "HttpStatus": 304,
              "Size": 0,
              "URL": "https://api.adblock-for-youtube.com/api/v1/update?v=5.1.7&xtid=cmedhionkhpnakcndndgjdbohmhepckk"
            }
          ],
          "SSLCipher": "TLS_AES_128_GCM_SHA256",
          "SSLVersion": "TLS1.3"
        }
      ],
      "IncludeInScript": true
    },
    {
      "DomainName": "127.0.0.1",
      "Domains": [
        {
          "HTTPVersion": "HTTP/1.1",
          "IP": "127.0.0.1",
          "IncludeInScript": true,
          "Name": "127.0.0.1",
          "Port": 1080,
          "Requests": [
            {
              "CompressionType": "",
              "DataType": "text/html",
              "DownloadTime": 78,
              "EventId": 5458,
              "HttpStatus": 200,
              "Size": 1728,
              "URL": "http://127.0.0.1:1080/cgi-bin/nav.pl?in=home"
            },
            {
              "CompressionType": "",
              "DataType": "",
              "DownloadTime": 15,
              "EventId": 5452,
              "HttpStatus": 304,
              "Size": 0,
              "URL": "http://127.0.0.1:1080/WebTours/home.html"
            },
            {
              "CompressionType": "",
              "DataType": "text/html",
              "DownloadTime": 62,
              "EventId": 5436,
              "HttpStatus": 200,
              "Size": 946,
              "URL": "http://127.0.0.1:1080/cgi-bin/welcome.pl?signOff=1"
            },
            {
              "CompressionType": "",
              "DataType": "text/html",
              "DownloadTime": 78,
              "EventId": 5424,
              "HttpStatus": 200,
              "Size": 2681,
              "URL": "http://127.0.0.1:1080/cgi-bin/reservations.pl"
            },
            {
              "CompressionType": "",
              "DataType": "image/gif",
              "DownloadTime": 15,
              "EventId": 5409,
              "HttpStatus": 200,
              "Size": 758,
              "URL": "http://127.0.0.1:1080/WebTours/images/button_next.gif"
            },
            {
              "CompressionType": "",
              "DataType": "image/gif",
              "DownloadTime": 47,
              "EventId": 5407,
              "HttpStatus": 200,
              "Size": 726,
              "URL": "http://127.0.0.1:1080/WebTours/images/in_flights.gif"
            },
            {
              "CompressionType": "",
              "DataType": "image/gif",
              "DownloadTime": 0,
              "EventId": 5405,
              "HttpStatus": 200,
              "Size": 688,
              "URL": "http://127.0.0.1:1080/WebTours/images/home.gif"
            },
            {
              "CompressionType": "",
              "DataType": "text/html",
              "DownloadTime": 94,
              "EventId": 5399,
              "HttpStatus": 200,
              "Size": 4506,
              "URL": "http://127.0.0.1:1080/cgi-bin/reservations.pl?page=welcome"
            },
            {
              "CompressionType": "",
              "DataType": "text/html",
              "DownloadTime": 78,
              "EventId": 5397,
              "HttpStatus": 200,
              "Size": 1742,
              "URL": "http://127.0.0.1:1080/cgi-bin/nav.pl?page=menu&in=flights"
            },
            {
              "CompressionType": "",
              "DataType": "text/html",
              "DownloadTime": 63,
              "EventId": 5381,
              "HttpStatus": 200,
              "Size": 876,
              "URL": "http://127.0.0.1:1080/cgi-bin/welcome.pl?page=search"
            },
            {
              "CompressionType": "",
              "DataType": "image/gif",
              "DownloadTime": 15,
              "EventId": 5367,
              "HttpStatus": 200,
              "Size": 751,
              "URL": "http://127.0.0.1:1080/WebTours/images/signoff.gif"
            },
            {
              "CompressionType": "",
              "DataType": "image/gif",
              "DownloadTime": 15,
              "EventId": 5365,
              "HttpStatus": 200,
              "Size": 688,
              "URL": "http://127.0.0.1:1080/WebTours/images/in_home.gif"
            },
            {
              "CompressionType": "",
              "DataType": "image/gif",
              "DownloadTime": 47,
              "EventId": 5362,
              "HttpStatus": 200,
              "Size": 726,
              "URL": "http://127.0.0.1:1080/WebTours/images/flights.gif"
            },
            {
              "CompressionType": "",
              "DataType": "image/gif",
              "DownloadTime": 31,
              "EventId": 5359,
              "HttpStatus": 200,
              "Size": 733,
              "URL": "http://127.0.0.1:1080/WebTours/images/itinerary.gif"
            },
            {
              "CompressionType": "",
              "DataType": "text/html",
              "DownloadTime": 78,
              "EventId": 5353,
              "HttpStatus": 200,
              "Size": 1180,
              "URL": "http://127.0.0.1:1080/cgi-bin/login.pl?intro=true"
            },
            {
              "CompressionType": "",
              "DataType": "text/html",
              "DownloadTime": 79,
              "EventId": 5351,
              "HttpStatus": 200,
              "Size": 1742,
              "URL": "http://127.0.0.1:1080/cgi-bin/nav.pl?page=menu&in=home"
            },
            {
              "CompressionType": "",
              "DataType": "text/html",
              "DownloadTime": 78,
              "EventId": 5337,
              "HttpStatus": 200,
              "Size": 720,
              "URL": "http://127.0.0.1:1080/cgi-bin/login.pl"
            },
            {
              "CompressionType": "",
              "DataType": "text/html",
              "DownloadTime": 16,
              "EventId": 5330,
              "HttpStatus": 404,
              "Size": 209,
              "URL": "http://127.0.0.1:1080/favicon.ico"
            },
            {
              "CompressionType": "",
              "DataType": "image/gif",
              "DownloadTime": 32,
              "EventId": 5327,
              "HttpStatus": 200,
              "Size": 679,
              "URL": "http://127.0.0.1:1080/WebTours/images/mer_login.gif"
            },
            {
              "CompressionType": "",
              "DataType": "text/html",
              "DownloadTime": 94,
              "EventId": 5322,
              "HttpStatus": 200,
              "Size": 1727,
              "URL": "http://127.0.0.1:1080/cgi-bin/nav.pl?in=home"
            },
            {
              "CompressionType": "",
              "DataType": "text/html",
              "DownloadTime": 16,
              "EventId": 5316,
              "HttpStatus": 200,
              "Size": 1600,
              "URL": "http://127.0.0.1:1080/WebTours/home.html"
            },
            {
              "CompressionType": "",
              "DataType": "text/html",
              "DownloadTime": 94,
              "EventId": 5310,
              "HttpStatus": 200,
              "Size": 946,
              "URL": "http://127.0.0.1:1080/cgi-bin/welcome.pl?signOff=true"
            },
            {
              "CompressionType": "",
              "DataType": "image/png",
              "DownloadTime": 0,
              "EventId": 5304,
              "HttpStatus": 200,
              "Size": 4187,
              "URL": "http://127.0.0.1:1080/WebTours/images/webtours.png"
            },
            {
              "CompressionType": "",
              "DataType": "image/png",
              "DownloadTime": 0,
              "EventId": 5302,
              "HttpStatus": 200,
              "Size": 601,
              "URL": "http://127.0.0.1:1080/WebTours/images/hp_logo.png"
            },
            {
              "CompressionType": "",
              "DataType": "text/html",
              "DownloadTime": 0,
              "EventId": 5299,
              "HttpStatus": 200,
              "Size": 949,
              "URL": "http://127.0.0.1:1080/WebTours/header.html"
            },
            {
              "CompressionType": "",
              "DataType": "text/html",
              "DownloadTime": 16,
              "EventId": 5288,
              "HttpStatus": 200,
              "Size": 605,
              "URL": "http://127.0.0.1:1080/WebTours/"
            }
          ],
          "SSLCipher": "None",
          "SSLVersion": "None"
        }
      ],
      "IncludeInScript": true
    }
  ],
  "WebSocket": {
    "IncludeInScript": false,
    "IsScriptIncludeWebSocket": false
  },
  "NumberOfCorrelations": 1
}